{"cameraMode":{"drawMode":0,"name":"Shaded","section":"Shading Mode"},"sceneLighting":true,"audioPlay":false,"sceneViewState":{"showFog":false,"showMaterialUpdate":false,"showSkybox":false,"showFlares":false,"showImageEffects":true,"showParticleSystems":true},"in2DMode":false,"pivot":{"x":42.154937744140628,"y":16.324365615844728,"z":154.35655212402345},"rotation":{"x":0.05647973716259003,"y":0.10364886373281479,"z":-0.005867403466254473,"w":0.9930673837661743},"size":21.5229549407959,"orthographic":false}