{"cameraMode":{"drawMode":0,"name":"Shaded","section":"Shading Mode"},"sceneLighting":true,"audioPlay":false,"sceneViewState":{"showFog":false,"showMaterialUpdate":false,"showSkybox":false,"showFlares":false,"showImageEffects":true,"showParticleSystems":true},"in2DMode":false,"pivot":{"x":6.50560188293457,"y":20.635601043701173,"z":160.259765625},"rotation":{"x":0.10138944536447525,"y":-0.18200469017028809,"z":0.01888766698539257,"w":0.9779470562934876},"size":85.50960540771485,"orthographic":false}