{"cameraMode":{"drawMode":0,"name":"Shaded","section":"Shading Mode"},"sceneLighting":false,"audioPlay":false,"sceneViewState":{"showFog":false,"showMaterialUpdate":false,"showSkybox":false,"showFlares":false,"showImageEffects":true,"showParticleSystems":true},"in2DMode":false,"pivot":{"x":35.961910247802737,"y":-33.254539489746097,"z":54.717559814453128},"rotation":{"x":-0.22384853661060334,"y":-0.27841562032699587,"z":0.06689776480197907,"w":-0.9316182732582092},"size":92.9729232788086,"orthographic":false}