{"cameraMode":{"drawMode":0,"name":"Shaded","section":"Shading Mode"},"sceneLighting":true,"audioPlay":false,"sceneViewState":{"showFog":false,"showMaterialUpdate":false,"showSkybox":false,"showFlares":false,"showImageEffects":true,"showParticleSystems":true},"in2DMode":false,"pivot":{"x":2.5781660079956056,"y":20.531145095825197,"z":164.27679443359376},"rotation":{"x":0.1610633283853531,"y":-0.22821244597434998,"z":0.038310371339321139,"w":0.9595109820365906},"size":61.59638977050781,"orthographic":false}