{"cameraMode":{"drawMode":0,"name":"Shaded","section":"Shading Mode"},"sceneLighting":false,"audioPlay":false,"sceneViewState":{"showFog":false,"showMaterialUpdate":false,"showSkybox":false,"showFlares":false,"showImageEffects":true,"showParticleSystems":true},"in2DMode":false,"pivot":{"x":596.3048095703125,"y":359.4323425292969,"z":-787.9829711914063},"rotation":{"x":-0.13086101412773133,"y":-0.5350556969642639,"z":0.08432095497846604,"w":-0.8303618431091309},"size":1647.778564453125,"orthographic":false}